ORIGIN_AIRPORT,departures,avg_dep_delay,dep_delay_rate,cancel_rate,destinations,AIRPORT,CITY,STATE,LATITUDE,LONGITUDE,enough_flights,on_us_map
ATL,346836,9.34069538116455,0.17907336354255676,0.0073723604239467645,169,Hartsfield-Jackson Atlanta International Airport,Atlanta,GA,33.64044,-84.42694,True,True
ORD,285884,14.151374816894531,0.24414217472076416,0.02990023925788082,162,Chicago O'Hare International Airport,Chicago,IL,41.9796,-87.90446,True,True
DFW,239551,11.528820037841797,0.22085697948932648,0.02610717550751197,148,Dallas/Fort Worth International Airport,Dallas-Fort Worth,TX,32.89595,-97.0372,True,True
DEN,196055,11.836018562316895,0.22890914976596832,0.01082859401698503,139,Denver International Airport,Denver,CO,39.85841,-104.667,True,True
LAX,194673,10.66996955871582,0.21203623712062836,0.011116076702983979,80,Los Angeles International Airport,Los Angeles,CA,33.94254,-118.40807,True,True
SFO,148008,11.190665245056152,0.20872615277767181,0.014512729041673424,80,San Francisco International Airport,San Francisco,CA,37.619,-122.37484,True,True
PHX,146815,8.668676376342773,0.18821151554584503,0.006143786397847632,79,Phoenix Sky Harbor International Airport,Phoenix,AZ,33.43417,-112.00806,True,True
IAH,146622,11.57995319366455,0.2134176641702652,0.014527151450669067,119,George Bush Intercontinental Airport,Houston,TX,29.98047,-95.33972,True,True
LAS,133181,10.953936576843262,0.2168487161397934,0.007028029523730862,78,McCarran International Airport,Las Vegas,NV,36.08036,-115.15233,True,True
MSP,112117,7.255145072937012,0.15139353275299072,0.007206757226825548,120,Minneapolis-Saint Paul International Airport,Minneapolis,MN,44.88055,-93.21692,True,True
MCO,110982,12.051254272460938,0.20880040526390076,0.010073705645960607,74,Orlando International Airport,Orlando,FL,28.42889,-81.31603,True,True
SEA,110899,6.800200939178467,0.15574423968791962,0.004057746237567516,73,Seattle-Tacoma International Airport,Seattle,WA,47.44898,-122.30931,True,True
DTW,108500,9.152795791625977,0.16915936768054962,0.011705069124423963,112,Detroit Metropolitan Airport,Detroit,MI,42.21206,-83.34884,True,True
BOS,107847,9.605864524841309,0.18480944633483887,0.024608936734447875,62,Gen. Edward Lawrence Logan International Airport,Boston,MA,42.36435,-71.00518,True,True
EWR,101772,13.638099670410156,0.23849885165691376,0.030558503321149236,88,Newark Liberty International Airport,Newark,NJ,40.6925,-74.16866,True,True
CLT,100324,8.438054084777832,0.17320376634597778,0.01077508871257127,69,Charlotte Douglas International Airport,Charlotte,NC,35.21401,-80.94313,True,True
LGA,99605,13.23139762878418,0.2261354625225067,0.045489684252798555,69,LaGuardia Airport (Marine Air Terminal),New York,NY,40.77724,-73.87261,True,True
SLC,97210,4.768126964569092,0.12727779150009155,0.004063367966258616,89,Salt Lake City International Airport,Salt Lake City,UT,40.78839,-111.97777,True,True
JFK,93811,12.128114700317383,0.2091849446296692,0.02048800247305753,64,John F. Kennedy International Airport (New York International Airport),New York,NY,40.63975,-73.77893,True,True
BWI,86079,13.341158866882324,0.24672576785087585,0.01780922176140522,67,Baltimore-Washington International Airport,Baltimore,MD,39.1754,-76.6682,True,True
MDW,80886,12.860675811767578,0.24938265979290009,0.02421927156739114,69,Chicago Midway International Airport,Chicago,IL,41.78598,-87.75242,True,True
DCA,73794,8.032378196716309,0.1605699211359024,0.027468357861072715,57,Ronald Reagan Washington National Airport,Arlington,VA,38.85208,-77.03772,True,True
FLL,73624,10.715641021728516,0.20490610599517822,0.010784526784744106,59,Fort Lauderdale-Hollywood International Airport,Ft. Lauderdale,FL,26.07258,-80.15275,True,True
SAN,70207,8.354521751403809,0.18110598623752594,0.011181221245744727,46,San Diego International Airport (Lindbergh Field),San Diego,CA,32.73356,-117.18966,True,True
MIA,69341,12.527287483215332,0.2335500419139862,0.011292020593876639,55,Miami International Airport,Miami,FL,25.79325,-80.29056,True,True
PHL,66021,10.450112342834473,0.19135156273841858,0.016267551233698368,46,Philadelphia International Airport,Philadelphia,PA,39.87195,-75.24114,True,True
TPA,63906,10.191131591796875,0.18711888790130615,0.009764341376396583,61,Tampa International Airport,Tampa,FL,27.97547,-82.53325,True,True
DAL,59699,12.017256736755371,0.2386411875486374,0.014238094440442889,52,Dallas Love Field,Dallas,TX,32.84711,-96.85177,True,True
HOU,52042,12.139481544494629,0.23753167688846588,0.014872602897659582,51,William P. Hobby Airport,Houston,TX,29.64542,-95.27889,True,True
BNA,47580,9.782587051391602,0.186565563082695,0.022404371584699455,47,Nashville International Airport,Nashville,TN,36.12448,-86.67818,True,True
PDX,47085,5.390662670135498,0.13445091247558594,0.00450249548688542,47,Portland International Airport,Portland,OR,45.58872,-122.5975,True,True
STL,46963,9.590644836425781,0.19624857604503632,0.013776803015139578,49,St. Louis International Airport at Lambert Field,St Louis,MO,38.74769,-90.35999,True,True
HNL,43172,2.69801926612854,0.09001301974058151,0.004030390067636431,28,Honolulu International Airport,Honolulu,HI,21.31869,-157.92241,True,True
OAK,42316,9.538165092468262,0.20990107953548431,0.013540977408072597,35,Oakland International Airport,Oakland,CA,37.72129,-122.22072,True,True
AUS,42067,10.216277122497559,0.18001782894134521,0.013739986212470582,41,Austin-Bergstrom International Airport,Austin,TX,30.19453,-97.66987,True,True
MSY,38804,8.706254959106445,0.17131027579307556,0.010591691578187816,38,Louis Armstrong New Orleans International Airport,New Orleans,LA,29.99339,-90.25803,True,True
MCI,38665,8.443697929382324,0.1665140837430954,0.011457390404758825,42,Kansas City International Airport,Kansas City,MO,39.29761,-94.71391,True,True
SJC,38200,7.388918399810791,0.17223487794399261,0.011465968586387435,25,Norman Y. Mineta San José International Airport,San Jose,CA,37.36186,-121.92901,True,True
SMF,37212,8.04152774810791,0.172267884016037,0.00962055250994303,27,Sacramento International Airport,Sacramento,CA,38.69542,-121.59077,True,True
SNA,37187,6.544614791870117,0.15681108832359314,0.010379971495415065,22,John Wayne Airport (Orange County Airport),Santa Ana,CA,33.67566,-117.86822,True,True
CLE,34589,8.491439819335938,0.1627996265888214,0.021220619272022897,36,Cleveland Hopkins International Airport,Cleveland,OH,41.41089,-81.8494,True,True
IAD,34305,12.777271270751953,0.2091447114944458,0.016178399650196764,71,Washington Dulles International Airport,Chantilly,VA,38.94453,-77.45581,True,True
RDU,31896,9.780542373657227,0.17757968604564667,0.023231753197893154,36,Raleigh-Durham International Airport,Raleigh,NC,35.87764,-78.78747,True,True
MKE,29825,7.753963470458984,0.16031160950660706,0.01934618608549874,29,General Mitchell International Airport,Milwaukee,WI,42.94722,-87.89658,True,True
SAT,29788,7.604750633239746,0.16498133540153503,0.011111857123673963,30,San Antonio International Airport,San Antonio,TX,29.53369,-98.46978,True,True
RSW,27350,8.7994966506958,0.180970698595047,0.011919561243144423,39,Southwest Florida International Airport,Ft. Myers,FL,26.53617,-81.75517,True,True
IND,25558,8.19112777709961,0.1600954830646515,0.017254871273182565,30,Indianapolis International Airport,Indianapolis,IN,39.71733,-86.29438,True,True
SJU,24656,10.150609016418457,0.20021246373653412,0.007746593121349773,23,Luis Muñoz Marín International Airport,San Juan,PR,18.43942,-66.00183,True,False
CMH,24187,9.647878646850586,0.1776660531759262,0.022243353867780213,28,Port Columbus International Airport,Columbus,OH,39.99799,-82.89188,True,True
PIT,24118,6.555934429168701,0.14265857636928558,0.01608756945020317,30,Pittsburgh International Airport,Pittsburgh,PA,40.49147,-80.23287,True,True
PBI,22573,12.300440788269043,0.22349712252616882,0.01568245248748505,24,Palm Beach International Airport,West Palm Beach,FL,26.68316,-80.09559,True,True
OGG,20627,3.5960123538970947,0.11558523774147034,0.006108498569835652,18,Kahului Airport,Kahului,HI,20.89865,-156.43046,True,True
CVG,20031,9.449861526489258,0.1674511432647705,0.025360690929059956,40,Cincinnati/Northern Kentucky International Airport,Covington,KY,39.04614,-84.66217,True,True
ABQ,19192,8.877015113830566,0.18445169925689697,0.011046269278866195,23,Albuquerque International Sunport,Albuquerque,NM,35.04022,-106.60919,True,True
BUR,18889,6.0304155349731445,0.1470714956521988,0.01667637249192652,11,Bob Hope Airport (Hollywood Burbank Airport),Burbank,CA,34.20062,-118.3585,True,True
BDL,18799,7.605953693389893,0.15567725896835327,0.019256343422522474,25,Bradley International Airport,Windsor Locks,CT,41.93887,-72.68323,True,True
JAX,18038,8.555306434631348,0.1649380475282669,0.011697527442066749,22,Jacksonville International Airport,Jacksonville,FL,30.49406,-81.68786,True,True
ONT,17978,8.368175506591797,0.17911705374717712,0.010123484258538214,14,Ontario International Airport,Ontario,CA,34.056,-117.60119,True,True
BUF,16824,7.147856712341309,0.15354807674884796,0.018842130290061817,18,Buffalo Niagara International Airport,Buffalo,NY,42.94052,-78.73217,True,True
OMA,16753,7.818743705749512,0.15641848742961884,0.01569868083328359,21,Eppley Airfield,Omaha,NE,41.30252,-95.89417,True,True
OKC,16144,8.705671310424805,0.16753926873207092,0.018582755203171458,22,Will Rogers World Airport,Oklahoma City,OK,35.39309,-97.60073,True,True
ANC,16005,3.406816005706787,0.12198188900947571,0.0077475788815995,30,Ted Stevens Anchorage International Airport,Anchorage,AK,61.17432,-149.99619,True,True
RIC,15355,10.282550811767578,0.17636826634407043,0.027548029957668512,17,Richmond International Airport,Richmond,VA,37.50517,-77.31967,True,True
TUS,15117,5.827634334564209,0.14825697243213654,0.010187206456307468,16,Tucson International Airport,Tucson,AZ,32.11608,-110.94103,True,True
MEM,14770,8.959351539611816,0.16612422466278076,0.023358158429248477,23,Memphis International Airport,Memphis,TN,35.04242,-89.97667,True,True
TUL,13970,7.693085193634033,0.16171017289161682,0.01653543307086614,18,Tulsa International Airport,Tulsa,OK,36.19837,-95.88824,True,True
RNO,13011,7.952805995941162,0.17402778565883636,0.010222119744831297,13,Reno/Tahoe International Airport,Reno,NV,39.49858,-119.76806,True,True
BHM,12514,9.032906532287598,0.1620197743177414,0.014463800543391402,15,Birmingham-Shuttlesworth International Airport,Birmingham,AL,33.56294,-86.75355,True,True
ELP,11972,7.958896160125732,0.16272789239883423,0.011025726695623121,12,El Paso International Airport,El Paso,TX,31.80667,-106.37781,True,True
CHS,11817,8.529817581176758,0.15793561935424805,0.019801980198019802,24,Charleston International Airport/Charleston AFB,Charleston,SC,32.89865,-80.04051,True,True
BOI,11655,8.65103816986084,0.15821799635887146,0.008665808665808666,16,Boise Airport (Boise Air Terminal),Boise,ID,43.56444,-116.22278,True,True
KOA,11114,1.4462496042251587,0.09035111218690872,0.003599064243296743,12,Kona International Airport at Keahole,Kailua/Kona,HI,19.73877,-156.04563,True,True
PVD,11058,7.573559284210205,0.15258477628231049,0.024145415084102007,15,Theodore Francis Green State Airport,Providence,RI,41.724,-71.42822,True,True
GRR,10845,7.64738130569458,0.1538098007440567,0.02544951590594744,15,Gerald R. Ford International Airport,Grand Rapids,MI,42.88082,-85.52277,True,True
LIH,10545,0.5562535524368286,0.08242908865213394,0.004172593646277857,11,Lihue Airport,Lihue,HI,21.97598,-159.33896,True,True
LIT,10422,9.572750091552734,0.1727496236562729,0.0256188831318365,12,Bill and Hillary Clinton National Airport (Adams Field),Little Rock,AR,34.7294,-92.22425,True,True
SDF,10204,8.8595609664917,0.1656816601753235,0.022638181105448844,18,Louisville International Airport (Standiford Field),Louisville,KY,38.17439,-85.736,True,True
GEG,9505,4.9643874168396,0.12363943457603455,0.005155181483429774,10,Spokane International Airport,Spokane,WA,47.61986,-117.53384,True,True
ORF,9374,9.704024314880371,0.16427239775657654,0.02805632600810753,17,Norfolk International Airport,Norfolk,VA,36.89461,-76.20122,True,True
XNA,9283,11.886184692382812,0.190619096159935,0.03188624367122697,11,Northwest Arkansas Regional Airport,Fayetteville/Springdale/Rogers,AR,36.28187,-94.30681,True,True
MSN,9135,5.504741668701172,0.13479340076446533,0.031089217296113848,18,Dane County Regional Airport,Madison,WI,43.13986,-89.33751,True,True
PSP,8987,8.029133796691895,0.16872890293598175,0.01123845554690108,12,Palm Springs International Airport,Palm Springs,CA,33.82922,-116.50625,True,True
LGB,8777,7.153378486633301,0.1721922606229782,0.006836048763814515,12,Long Beach Airport (Daugherty Field),Long Beach,CA,33.81772,-118.15161,True,True
DAY,8676,7.5365824699401855,0.15824595093727112,0.03354080221300138,12,James M. Cox Dayton International Airport,Dayton,OH,39.90238,-84.21938,True,True
DSM,8385,10.455774307250977,0.17985257506370544,0.03041144901610018,13,Des Moines International Airport,Des Moines,IA,41.53493,-93.66068,True,True
ICT,8096,9.858154296875,0.17774967849254608,0.02408596837944664,10,Wichita Dwight D. Eisenhower National Airport (Wichita Mid-Continent Airport),Wichita,KS,37.64996,-97.43305,True,True
SAV,7542,10.826985359191895,0.1858454942703247,0.01922566958366481,11,Savannah/Hilton Head International Airport,Savannah,GA,32.12758,-81.20214,True,True
MAF,7527,7.056593418121338,0.16346153616905212,0.03334661883884682,6,Midland International Airport,Midland,TX,31.94253,-102.20191,True,True
ALB,7459,6.813180923461914,0.14052288234233856,0.01581981498860437,15,Albany International Airport,Albany,NY,42.74812,-73.80298,True,True
ROC,7448,7.8201704025268555,0.15520088374614716,0.02483888292158969,13,Greater Rochester International Airport,Rochester,NY,43.11887,-77.67238,True,True
HPN,7443,12.319151878356934,0.21216347813606262,0.037484885126964934,9,Westchester County Airport,White Plains,NY,41.06696,-73.70757,True,True
BTR,7166,11.009275436401367,0.19106735289096832,0.022746301981579682,4,Baton Rouge Metropolitan Airport,Baton Rouge,LA,30.53316,-91.14963,True,True
JAN,7097,7.083946228027344,0.15043991804122925,0.023953783288713542,5,Jackson-Evers International Airport,Jackson,MS,32.31117,-90.07589,True,True
FAT,7018,10.017828941345215,0.17340043187141418,0.009546879452835565,9,Fresno Yosemite International Airport,Fresno,CA,36.77619,-119.71814,True,True
TYS,6963,10.729291915893555,0.18743562698364258,0.02470199626597731,11,McGhee Tyson Airport,Knoxville,TN,35.81249,-83.99286,True,True
COS,6881,9.21273422241211,0.15113015472888947,0.016858014823426828,9,City of Colorado Springs Municipal Airport,Colorado Springs,CO,38.80581,-104.70025,True,True
CID,6832,9.819830894470215,0.17820435762405396,0.03278688524590164,7,The Eastern Iowa Airport,Cedar Rapids,IA,41.88459,-91.71087,True,True
GSO,6737,9.979803085327148,0.17437557876110077,0.03799910939587353,12,Piedmont Triad International Airport,Greensboro,NC,36.09775,-79.9373,True,True
GSP,6542,7.194132328033447,0.15106117725372314,0.021094466523998778,14,Greenville-Spartanburg International Airport,Greer,SC,34.89567,-82.21886,True,True
PNS,6534,7.530885219573975,0.1605725884437561,0.01652892561983471,9,Pensacola International Airport (Pensacola Gulf Coast Regional Airport),Pensacola,FL,30.47331,-87.18744,True,True
MHT,6292,7.242063999176025,0.14520592987537384,0.02399872854418309,12,Manchester-Boston Regional Airport,Manchester,NH,42.93452,-71.43706,True,True
SGF,6236,10.636303901672363,0.17460055649280548,0.027902501603592048,6,Springfield-Branson National Airport,Springfield,MO,37.24433,-93.38686,True,True
CAK,6100,6.157114505767822,0.12629123032093048,0.01639344262295082,12,Akron-Canton Regional Airport,Akron,OH,40.91631,-81.44247,True,True
SHV,6099,10.256048202514648,0.1807795763015747,0.02459419576979833,4,Shreveport Regional Airport,Shreveport,LA,32.44663,-93.8256,True,True
SBA,6017,6.473041534423828,0.16208884119987488,0.021106863885657304,6,Santa Barbara Municipal Airport (Santa Barbara Airport),Santa Barbara,CA,34.42621,-119.84037,True,True
LEX,5979,7.0355916023254395,0.13927097618579865,0.028432848302391706,8,Blue Grass Airport,Lexington,KY,38.03697,-84.60539,True,True
ITO,5723,-0.863946795463562,0.06828926503658295,0.0020968023763760267,3,Hilo International Airport,Hilo,HI,19.72026,-155.04847,True,True
FAR,5693,7.110136032104492,0.14774355292320251,0.01949762866678377,7,Hector International Airport,Fargo,ND,46.91935,-96.81499,True,True
SYR,5608,6.325036525726318,0.1447657346725464,0.026034236804564907,11,Syracuse Hancock International Airport,Syracuse,NY,43.11119,-76.10631,True,True
FSD,5331,9.566274642944336,0.16862820088863373,0.028887638341774526,7,Sioux Falls Regional Airport,Sioux Falls,SD,43.58135,-96.7417,True,True
FWA,5261,9.585801124572754,0.16081584990024567,0.03250332636380916,5,Fort Wayne International Airport,Fort Wayne,IN,40.97847,-85.19515,True,True
CAE,5151,10.28221321105957,0.16897232830524445,0.0182488837119006,6,Columbia Metropolitan Airport,Columbia,SC,33.93884,-81.11954,True,True
LFT,5149,7.8729119300842285,0.15234686434268951,0.024470771023499708,5,Lafayette Regional Airport,Lafayette,LA,30.20528,-91.98766,True,True
MOB,5018,7.115283012390137,0.15019281208515167,0.019131127939418093,4,Mobile Regional Airport,Mobile,AL,30.69142,-88.24283,True,True
CRP,4888,7.948945045471191,0.17405062913894653,0.030891980360065466,5,Corpus Christi International Airport,Corpus Christi,TX,27.77036,-97.50122,True,True
GRB,4881,4.536137104034424,0.12235841155052185,0.030936283548453184,4,Green Bay-Austin Straubel International Airport,Green Bay,WI,44.48507,-88.12959,True,True
VPS,4868,9.669601440429688,0.1607966423034668,0.020336894001643385,3,Destin-Fort Walton Beach Airport/Eglin AFB,Valparaiso,FL,30.48325,-86.5254,True,True
MYR,4831,9.681732177734375,0.2097148895263672,0.020285655143862553,17,Myrtle Beach International Airport,Myrtle Beach,SC,33.67975,-78.92833,True,True
FNT,4746,4.450430870056152,0.11788792908191681,0.02296670880741677,8,Bishop International Airport,Flint,MI,42.9655,-83.74346,True,True
PWM,4681,9.362815856933594,0.16589659452438354,0.02948088015381329,11,Portland International Jetport,Portland,ME,43.64617,-70.30875,True,True
PIA,4664,7.981395244598389,0.1550387591123581,0.03323327615780446,7,General Wayne A. Downing Peoria International Airport,Peoria,IL,40.66424,-89.69331,True,True
LBB,4637,7.596338272094727,0.1504800170660019,0.03493638128100065,8,Lubbock Preston Smith International Airport,Lubbock,TX,33.66364,-101.82278,True,True
HSV,4519,7.6677937507629395,0.14108632504940033,0.018366895330825403,8,Huntsville International Airport,Huntsville,AL,34.64045,-86.77311,True,True
SBN,4454,11.15890884399414,0.16234809160232544,0.022676246070947464,8,South Bend International Airport (South Bend Regional),South Bend,IN,41.70895,-86.31847,True,True
ISP,4392,10.190935134887695,0.18482856452465057,0.030737704918032786,6,Long Island MacArthur Airport,Islip,NY,40.79524,-73.10021,True,True
STT,4347,11.59614086151123,0.19972099363803864,0.011042097998619738,12,Cyril E. King Airport,Charlotte Amalie,VI,18.33731,-64.97336,True,False
AMA,4214,7.171806335449219,0.15002447366714478,0.03179876601803512,5,Rick Husband Amarillo International Airport,Amarillo,TX,35.21937,-101.70593,True,True
CHA,4202,8.086819648742676,0.16154776513576508,0.016658733936220846,4,Chattanooga Metropolitan Airport (Lovell Field),Chattanooga,TN,35.03527,-85.20379,True,True
ECP,4169,5.869124889373779,0.12557242810726166,0.004797313504437515,7,Northwest Florida Beaches International Airport,Panama City,FL,30.3571,-85.7954,True,True
JNU,4094,4.343541622161865,0.1452210396528244,0.011968734733756717,7,Juneau International Airport,Juneau,AK,58.35496,-134.57628,True,True
GRK,4033,6.243814468383789,0.1474226862192154,0.03868088271757997,4,Killeen-Fort Hood Regional Airport,Killeen,TX,31.0649,-97.8278,True,True
EVV,3834,7.665860176086426,0.15188172459602356,0.03129890453834116,4,Evansville Regional Airport,Evansville,IN,38.03799,-87.53063,True,True
MLI,3777,8.866226196289062,0.17175887525081635,0.03891977760127085,6,Quad City International Airport,Moline,IL,41.44853,-90.50754,True,True
EUG,3632,7.174740791320801,0.15513861179351807,0.018447136563876653,5,Eugene Airport (Mahlon Sweet Field),Eugene,OR,44.12326,-123.21869,True,True
GPT,3605,4.747875213623047,0.13031160831451416,0.021081830790568655,3,Gulfport-Biloxi International Airport,Gulfport-Biloxi,MS,30.40728,-89.07009,True,True
BZN,3604,5.965236663818359,0.1303616464138031,0.010821309655937847,12,Bozeman Yellowstone International Airport (Gallatin Field Airport),Bozeman,MT,45.7769,-111.15301,True,True
ACY,3572,9.946489334106445,0.1930917352437973,0.011198208286674132,10,Atlantic City International Airport,Atlantic City,NJ,39.45758,-74.57717,True,True
ASE,3562,17.58753776550293,0.2790273427963257,0.07748455923638406,8,Aspen-Pitkin County Airport,Aspen,CO,39.22316,-106.86885,True,True
JAC,3511,7.90922212600708,0.1572708934545517,0.015380233551694674,13,Jackson Hole Airport,Jackson,WY,43.60732,-110.73774,True,True
BIS,3453,7.085714340209961,0.13932253420352936,0.01737619461337967,4,Bismarck Municipal Airport,Bismarck,ND,46.77411,-100.74672,True,True
MFE,3411,7.0432939529418945,0.14713896811008453,0.032541776605101144,2,McAllen-Miller International Airport (McAllen Miller International),McAllen,TX,26.17583,-98.23861,True,True
SRQ,3370,9.90188980102539,0.17791779339313507,0.011572700296735905,7,Sarasota-Bradenton International Airport,Sarasota,FL,27.39533,-82.55411,True,True
MDT,3285,8.71747875213623,0.13939769566059113,0.02009132420091324,6,Harrisburg International Airport,Harrisburg,PA,40.1935,-76.7634,True,True
RAP,3265,5.453105449676514,0.14316770434379578,0.014701378254211332,8,Rapid City Regional Airport,Rapid City,SD,44.04532,-103.05737,True,True
TLH,3194,7.301712989807129,0.14308375120162964,0.013149655604257984,3,Tallahassee International Airport,Tallahassee,FL,30.39653,-84.35033,True,True
GJT,3179,2.598026752471924,0.099936343729496,0.012268008807801196,6,Grand Junction Regional Airport (Walker Field),Grand Junction,CO,39.12241,-108.52673,True,True
MGM,3171,8.417388916015625,0.1742059737443924,0.017029328287606435,2,Montgomery Regional Airport,Montgomery,AL,32.30064,-86.39398,True,True
AEX,3146,9.122142791748047,0.1610058844089508,0.02733630006357279,3,Alexandria International Airport,Alexandria,LA,31.32737,-92.54856,True,True
SBP,3133,6.951107978820801,0.16101695597171783,0.02074688796680498,3,San Luis Obispo County Regional Airport (McChesney Field),San Luis Obispo,CA,35.23706,-120.64239,True,True
HRL,3079,3.446969747543335,0.11100132018327713,0.013965573238064306,3,Valley International Airport,Harlingen,TX,26.22851,-97.65439,True,True
BTV,2978,9.683719635009766,0.17144832015037537,0.029885829415715246,7,Burlington International Airport,Burlington,VT,44.473,-73.15031,True,True
MRY,2974,7.383532524108887,0.1505981683731079,0.04505716207128446,3,Monterey Regional Airport (Monterey Peninsula Airport),Monterey,CA,36.58698,-121.84295,True,True
MLU,2961,7.859861373901367,0.1525951623916626,0.02465383316447146,3,Monroe Regional Airport,Monroe,LA,32.51087,-92.03769,True,True
BIL,2866,1.4996498823165894,0.08753501623868942,0.0045359385903698535,6,Billings Logan International Airport,Billings,MT,45.80766,-108.54286,True,True
ATW,2848,5.662333011627197,0.14156734943389893,0.02914325842696629,4,Appleton International Airport,Appleton,WI,44.25741,-88.51948,True,True
TTN,2830,14.440373420715332,0.21372126042842865,0.01802120141342756,18,Trenton Mercer Airport,Trenton,NJ,40.27669,-74.81347,True,True
TVC,2756,5.318726539611816,0.12921348214149475,0.033381712626995644,6,Cherry Capital Airport,Traverse City,MI,44.74144,-85.58224,True,True
AVL,2745,9.262197494506836,0.14599627256393433,0.022222222222222223,3,Asheville Regional Airport,Asheville,NC,35.43619,-82.54181,True,True
BMI,2730,6.700341701507568,0.14014431834220886,0.0380952380952381,7,Central Illinois Regional Airport at Bloomington-Normal,Bloomington,IL,40.47799,-88.91595,True,True
GNV,2683,8.749527931213379,0.16395920515060425,0.014535967200894522,2,Gainesville Regional Airport,Gainesville,FL,29.69006,-82.27178,True,True
BFL,2637,5.8233256340026855,0.1501154750585556,0.015927189988623434,4,Meadows Field,Bakersfield,CA,35.4336,-119.05677,True,True
LNK,2636,5.796267509460449,0.12441679835319519,0.025796661608497723,4,Lincoln Airport (Lincoln Municipal),Lincoln,NE,40.85097,-96.75925,True,True
ISN,2542,4.279745101928711,0.11818543821573257,0.011408339889850511,3,Sloulin Field International Airport,Williston,ND,48.17794,-103.64235,True,True
MFR,2476,7.496514797210693,0.1570315659046173,0.015751211631663976,3,Rogue Valley International Airport,Medford,OR,42.37423,-122.8735,True,True
PSC,2433,2.6939709186553955,0.09771309792995453,0.011919441019317715,5,Tri-Cities Airport,Pasco,WA,46.26468,-119.11903,True,True
CRW,2385,11.518693923950195,0.19338203966617584,0.024737945492662474,6,Yeager Airport,Charleston,WV,38.37315,-81.59319,True,True
BRO,2362,5.0516557693481445,0.12494481354951859,0.04106689246401355,2,Brownsville/South Padre Island International Airport,Brownsville,TX,25.90683,-97.42586,True,True
AGS,2361,8.491475105285645,0.15814152359962463,0.0063532401524777635,2,Augusta Regional Airport (Bush Field),Augusta,GA,33.36996,-81.9645,True,True
ABI,2329,5.783989429473877,0.13908766210079193,0.04164877629884071,1,Abilene Regional Airport,Abilene,TX,32.41132,-99.6819,True,True
KTN,2319,2.5822784900665283,0.15189872682094574,0.01207416990081932,4,Ketchikan International Airport,Ketchikan,AK,55.35557,-131.71374,True,True
CLL,2311,2.8732969760894775,0.115349680185318,0.047165729121592385,2,Easterwood Airport,College Station,TX,30.58859,-96.36382,True,True
TYR,2300,6.9777374267578125,0.16174465417861938,0.043478260869565216,2,Tyler Pounds Regional Airport,Tyler,TX,32.35414,-95.40239,True,True
ROA,2282,9.915879249572754,0.1673414260149002,0.025854513584574933,3,Roanoke Regional Airport (Woodrum Field),Roanoke,VA,37.32547,-79.97543,True,True
ABE,2274,8.844812393188477,0.1466905176639557,0.017150395778364115,3,Lehigh Valley International Airport,Allentown,PA,40.65236,-75.4404,True,True
IDA,2247,0.6820628046989441,0.08295964449644089,0.008455718736092568,3,Idaho Falls Regional Airport,Idaho Falls,ID,43.51456,-112.07017,True,True
CHO,2204,12.777830123901367,0.18758882582187653,0.045372050816696916,3,Charlottesville-Albemarle Airport,Charlottesville,VA,38.13864,-78.45286,True,True
LRD,2202,4.076707363128662,0.12020579725503922,0.029064486830154404,3,Laredo International Airport,Laredo,TX,27.54374,-99.46154,True,True
FAI,2183,3.4160919189453125,0.12505747377872467,0.004580852038479157,4,Fairbanks International Airport,Fairbanks,AK,64.81368,-147.85967,True,True
RDM,2152,4.088983058929443,0.12288135290145874,0.013940520446096654,4,Redmond Municipal Airport (Roberts Field),Redmond,OR,44.25407,-121.14996,True,True
CMI,2116,7.708582878112793,0.1422155648469925,0.055293005671077505,2,University of Illinois - Willard Airport,Champaign/Urbana,IL,40.03925,-88.27806,True,True
MSO,2077,1.7818269729614258,0.095238097012043,0.0091478093403948,8,Missoula International Airport,Missoula,MT,46.91631,-114.09056,True,True
DRO,2068,6.573122501373291,0.14772726595401764,0.02127659574468085,3,Durango-La Plata County Airport,Durango,CO,37.15152,-107.75377,True,True
RST,2054,7.402932167053223,0.15217390656471252,0.038461538461538464,5,Rochester International Airport,Rochester,MN,43.90883,-92.49799,True,True
ELM,2051,6.390655994415283,0.1396620273590088,0.019502681618722574,3,Elmira/Corning Regional Airport,Elmira,NY,42.15991,-76.89144,True,True
FCA,2025,1.8435475826263428,0.09915296733379364,0.009382716049382716,6,Glacier Park International Airport,Kalispell,MT,48.3114,-114.25507,True,True
EYW,1973,6.7052202224731445,0.13254861533641815,0.00963000506842372,3,Key West International Airport,Key West,FL,24.55611,-81.75956,True,True
FSM,1971,6.924804210662842,0.15300260484218597,0.029426686960933535,2,Fort Smith Regional Airport,Fort Smith,AR,35.33659,-94.36744,True,True
GTF,1966,0.9733606576919556,0.06915983557701111,0.007121057985757884,3,Great Falls International Airport,Great Falls,MT,47.482,-111.37069,True,True
TRI,1928,5.82608699798584,0.13672079145908356,0.010892116182572614,1,Tri-Cities Regional Airport,Bristol,TN,36.47521,-82.40742,True,True
YUM,1877,1.2324703931808472,0.08414239436388016,0.012253596164091636,1,Yuma International Airport,Yuma,AZ,32.65658,-114.60597,True,True
ILM,1860,5.966919898986816,0.12147505581378937,0.008602150537634409,3,Wilmington International Airport,Wilmington,NC,34.27061,-77.90256,True,True
LCH,1860,2.9324474334716797,0.11461794376373291,0.030107526881720432,2,Lake Charles Regional Airport,Lake Charles,LA,30.1261,-93.2234,True,True
MOT,1850,4.91726016998291,0.12493150681257248,0.014594594594594595,2,Minot International Airport,Minot,ND,48.25938,-101.28033,True,True
LAN,1849,7.134775161743164,0.1364392638206482,0.02541914548404543,4,Capital Region International Airport ( Lansing Capital City),Lansing,MI,42.7787,-84.58736,True,True
AZO,1845,3.552119016647339,0.13115693628787994,0.055284552845528454,4,Kalamazoo/Battle Creek International Airport,Kalamazoo,MI,42.23488,-85.55206,True,True
SGU,1777,3.5352509021759033,0.09983079880475998,0.0033764772087788407,2,St. George Regional Airport,St George,UT,37.09058,-113.59306,True,True
CPR,1774,0.9925544261932373,0.0996563583612442,0.016347237880496055,2,Natrona County International Airport,Casper,WY,42.90836,-106.46447,True,True
MBS,1721,7.81691837310791,0.16314199566841125,0.0389308541545613,4,MBS International Airport,Saginaw,MI,43.53291,-84.07965,True,True
DLH,1719,8.40011978149414,0.1559688001871109,0.030250145433391506,2,Duluth International Airport,Duluth,MN,46.84209,-92.19365,True,True
FLG,1660,4.087523460388184,0.11421477049589157,0.030120481927710843,1,Flagstaff Pulliam Airport,Flagstaff,AZ,35.13845,-111.67122,True,True
LSE,1645,5.146464824676514,0.12121212482452393,0.03829787234042553,2,La Crosse Regional Airport,La Crosse,WI,43.87938,-91.25654,True,True
MHK,1634,4.001913070678711,0.12244898080825806,0.0416156670746634,2,Manhattan Regional Airport,Manhattan,KS,39.14097,-96.67083,True,True
FAY,1633,9.574165344238281,0.1600741595029831,0.009185548071034905,1,Fayetteville Regional Airport,Fayetteville,NC,34.99147,-78.88,True,True
SJT,1628,7.45425271987915,0.1649484485387802,0.0472972972972973,1,San Angelo Regional Airport (Mathis Field),San Angelo,TX,31.35775,-100.49631,True,True
ACT,1612,7.607512950897217,0.16256476938724518,0.04528535980148883,1,Waco Regional Airport,Waco,TX,31.61129,-97.23052,True,True
SPI,1587,9.624671936035156,0.14960630238056183,0.04095778197857593,2,Abraham Lincoln Capital Airport,Springfield,IL,39.84395,-89.67762,True,True
SAF,1504,9.589902877807617,0.1735823005437851,0.0398936170212766,3,Santa Fe Municipal Airport,Santa Fe,NM,35.61678,-106.08814,True,True
DAB,1494,5.330872535705566,0.11946308612823486,0.002677376171352075,2,Daytona Beach International Airport,Daytona Beach,FL,29.17992,-81.05806,True,True
HLN,1435,0.8492286205291748,0.056100983172655106,0.0062717770034843206,3,Helena Regional Airport,Helena,MT,46.60682,-111.98275,True,True
CWA,1420,5.734066009521484,0.12747253477573395,0.03943661971830986,3,Central Wisconsin Airport,Mosinee,WI,44.77762,-89.66678,True,True
AVP,1359,8.960180282592773,0.1419984996318817,0.020603384841795438,4,Wilkes-Barre/Scranton International Airport,Wilkes-Barre/Scranton,PA,41.33815,-75.72427,True,True
BQN,1343,12.376126289367676,0.22822822630405426,0.008190618019359643,4,Rafael Hernández Airport,Aguadilla,PR,18.49486,-67.12944,True,False
SIT,1342,1.2826087474822998,0.11619190126657486,0.0067064083457526085,3,Sitka Rocky Gutierrez Airport,Sitka,AK,57.04714,-135.3616,True,True
MLB,1332,8.786737442016602,0.13262999057769775,0.0037537537537537537,1,Melbourne International Airport,Melbourne,FL,28.10275,-80.64581,True,True
LAW,1331,7.326069355010986,0.15899918973445892,0.07062359128474831,1,Lawton-Fort Sill Regional Airport,Lawton,OK,34.56771,-98.41664,True,True
ACV,1320,12.017322540283203,0.22598424553871155,0.038636363636363635,1,Arcata Airport,Arcata/Eureka,CA,40.97812,-124.10862,True,True
COU,1308,14.735788345336914,0.1881505250930786,0.04892966360856269,2,Columbia Regional Airport,Columbia,MO,38.81809,-92.21963,True,True
LBE,1281,9.939806938171387,0.22231139242649078,0.02810304449648712,7,Arnold Palmer Regional Airport,Latrobe,PA,40.27594,-79.4048,True,True
PHF,1263,11.210016250610352,0.17205169796943665,0.021377672209026127,2,Newport News/Williamsburg International Airport,Newport News,VA,37.1319,-76.49299,True,True
DHN,1260,7.762670993804932,0.16009654104709625,0.013492063492063493,1,Dothan Regional Airport,Dothan,AL,31.32134,-85.44963,True,True
EGE,1241,15.74439811706543,0.2215767651796341,0.029814665592264304,11,Eagle County Regional Airport,Eagle,CO,39.64257,-106.9177,True,True
SPS,1234,7.698723316192627,0.16595745086669922,0.04943273905996758,1,Wichita Falls Municipal Airport/Sheppard AFB,Wichita Falls,TX,33.9888,-98.49189,True,True
OAJ,1136,10.273862838745117,0.14808206260204315,0.013204225352112676,1,Albert J. Ellis Airport,Jacksonville,NC,34.82916,-77.61214,True,True
CSG,1068,5.56550407409668,0.13949105143547058,0.006554307116104869,1,Columbus Metropolitan Airport,Columbus,GA,32.51633,-84.93886,True,True
MTJ,1001,5.272073745727539,0.1622176617383957,0.028971028971028972,10,Montrose Regional Airport,Montrose,CO,38.50887,-107.89383,True,True
GCC,997,1.482758641242981,0.09736308455467224,0.011033099297893681,4,Gillette-Campbell County Airport,Gillette,WY,44.3489,-105.53936,False,True
TXK,978,4.992391109466553,0.13913042843341827,0.06134969325153374,1,Texarkana Regional Airport (Webb Field),Texarkana,AR,33.45371,-93.99102,False,True
ROW,974,7.817391395568848,0.15543478727340698,0.05646817248459959,1,Roswell International Air Center,Roswell,NM,33.30156,-104.53056,False,True
BPT,973,17.020856857299805,0.22941821813583374,0.06474820143884892,1,Jack Brooks Regional Airport (Southeast Texas Regional),Beaumont/Port Arthur,TX,29.95083,-94.02069,False,True
TOL,962,4.033407688140869,0.12360801547765732,0.06756756756756757,1,Toledo Express Airport,Toledo,OH,41.58681,-83.80783,False,True
SUN,956,4.347926139831543,0.12557603418827057,0.09205020920502092,3,Friedman Memorial Airport,Hailey,ID,43.50484,-114.29659,False,True
RHI,954,2.6006388664245605,0.11182108521461487,0.015723270440251572,2,Rhinelander-Oneida County Airport,Rhinelander,WI,45.63119,-89.46745,False,True
STX,939,7.739316463470459,0.18803419172763824,0.003194888178913738,4,Henry E. Rohlsen Airport,Christiansted,VI,17.70189,-64.79856,False,False
DIK,938,1.210640549659729,0.08143322169780731,0.01812366737739872,2,Dickinson Theodore Roosevelt Regional Airport,Dickinson,ND,46.79739,-102.80195,False,True
VLD,935,7.316073417663574,0.13592232763767242,0.008556149732620321,1,Valdosta Regional Airport,Valdosta,GA,30.7825,-83.27672,False,True
DBQ,928,4.834482669830322,0.13218390941619873,0.0625,1,Dubuque Regional Airport,Dubuque,IA,42.40296,-90.70917,False,True
GTR,927,7.414660930633545,0.12472647428512573,0.015102481121898598,1,Golden Triangle Regional Airport,Columbus-Starkville-West Point,MS,33.45033,-88.59137,False,True
SCE,911,8.643341064453125,0.15011286735534668,0.027442371020856202,3,University Park Airport,State College,PA,40.85121,-77.8463,False,True
MEI,907,7.727374076843262,0.19106145203113556,0.015435501653803748,2,Meridian Regional Airport,Meridian,MS,32.33313,-88.75121,False,True
HIB,898,1.280681848526001,0.09318181872367859,0.022271714922048998,2,Range Regional Airport (Chisholm-Hibbing Airport),Hibbing,MN,47.3866,-92.83899,False,True
BET,896,1.7965909242630005,0.1295454502105713,0.017857142857142856,1,Bethel Airport,Bethel,AK,60.77978,-161.838,False,True
BQK,878,8.254587173461914,0.1376146823167801,0.010250569476082005,1,Brunswick Golden Isles Airport,Brunswick,GA,31.25903,-81.46631,False,True
ABY,876,8.880045890808105,0.16147635877132416,0.010273972602739725,1,Southwest Georgia Regional Airport,Albany,GA,31.53552,-84.19447,False,True
BRW,855,1.6461352109909058,0.1473429948091507,0.031578947368421054,3,Wiley Post-Will Rogers Memorial Airport,Barrow,AK,71.28545,-156.766,False,True
SCC,855,0.15412186086177826,0.12664277851581573,0.021052631578947368,2,Deadhorse Airport (Prudhoe Bay Airport),Deadhorse,AK,70.19476,-148.46516,False,True
TWF,815,-0.8959107995033264,0.06071871146559715,0.011042944785276074,1,Magic Valley Regional Airport (Joslin Field),Twin Falls,ID,42.4818,-114.48774,False,True
JMS,812,4.0,0.16600266098976135,0.07266009852216748,2,Jamestown Regional Airport,Jamestown,ND,46.92972,-98.6782,False,True
PLN,753,10.675307273864746,0.12278307974338531,0.027888446215139442,2,Pellston Regional Airport of Emmet County,Pellston,MI,45.57093,-84.79672,False,True
PSE,749,2.73441743850708,0.1517615169286728,0.014686248331108143,2,Mercedita Airport,Ponce,PR,18.0083,-66.56301,False,False
ERI,746,7.883098602294922,0.13943661749362946,0.04825737265415549,2,Erie International Airport,Erie,PA,42.08202,-80.17622,False,True
RDD,727,6.429378509521484,0.16807909309864044,0.02888583218707015,1,Redding Municipal Airport,Redding,CA,40.50898,-122.2934,False,True
GFK,717,3.0378150939941406,0.11064425855875015,0.0041841004184100415,1,Grand Forks International Airport,Grand Forks,ND,47.94926,-97.17611,False,True
BLI,711,-0.060648802667856216,0.0691114217042923,0.004219409282700422,4,Bellingham International Airport,Bellingham,WA,48.79275,-122.53753,False,True
HDN,703,11.331877708435059,0.21688500046730042,0.02275960170697013,10,Yampa Valley Airport (Yampa Valley Regional),Hayden,CO,40.48118,-107.21766,False,True
SWF,695,10.253293991088867,0.18740849196910858,0.017266187050359712,7,Stewart International Airport,Newburgh,NY,41.50409,-74.10484,False,True
RKS,690,4.6651787757873535,0.0997023805975914,0.02608695652173913,3,Rock Springs-Sweetwater County Airport,Rock Springs,WY,41.59422,-109.06519,False,True
ABR,671,10.101056098937988,0.11915535479784012,0.011922503725782414,1,Aberdeen Regional Airport,Aberdeen,SD,45.44906,-98.42183,False,True
EAU,668,9.261006355285645,0.15566037595272064,0.04940119760479042,1,Chippewa Valley Regional Airport,Eau Claire,WI,44.86526,-91.48507,False,True
CMX,668,6.612179279327393,0.12179487198591232,0.06736526946107785,1,Houghton County Memorial Airport,Hancock,MI,47.16842,-88.48906,False,True
BTM,667,0.6743826866149902,0.05864197388291359,0.02848575712143928,1,Bert Mooney Airport,Butte,MT,45.9548,-112.49746,False,True
BJI,667,5.433734893798828,0.07228915393352509,0.004497751124437781,1,Bemidji Regional Airport,Bemidji,MN,47.50942,-94.93372,False,True
MKG,667,8.55501651763916,0.20226536691188812,0.0734632683658171,1,Muskegon County Airport,Muskegon,MI,43.16949,-86.23822,False,True
PAH,666,7.868167400360107,0.12218649685382843,0.06606606606606606,1,Barkley Regional Airport,Paducah,KY,37.06083,-88.77375,False,True
JLN,666,10.133647918701172,0.1745283007621765,0.04954954954954955,1,Joplin Regional Airport,Joplin,MO,37.15181,-94.49827,False,True
COD,665,7.174578666687012,0.16079632937908173,0.01804511278195489,3,Yellowstone Regional Airport,Cody,WY,44.52019,-109.0238,False,True
SMX,664,8.892802238464355,0.14701378345489502,0.018072289156626505,2,Santa Maria Public Airport (Capt G. Allan Hancock Field),Santa Maria,CA,34.89925,-120.45758,False,True
WRG,664,3.091883659362793,0.16385911405086517,0.016566265060240965,2,Wrangell Airport,Wrangell,AK,56.48433,-132.36982,False,True
PSG,664,4.5145039558410645,0.17709924280643463,0.01355421686746988,2,Petersburg James A. Johnson Airport,Petersburg,AK,56.80165,-132.94528,False,True
OME,663,5.5408806800842285,0.19654087722301483,0.04072398190045249,2,Nome Airport,Nome,AK,64.5122,-165.44525,False,True
ORH,663,5.526645660400391,0.1520376205444336,0.0392156862745098,2,Worcester Regional Airport,Worcester,MA,42.26734,-71.87571,False,True
OTZ,663,4.7881622314453125,0.17912772297859192,0.033182503770739065,2,Ralph Wien Memorial Airport,Kotzebue,AK,66.88468,-162.59855,False,True
GCK,663,6.117371082305908,0.12519562244415283,0.03770739064856712,1,Garden City Regional Airport,Garden City,KS,37.92752,-100.72441,False,True
CDV,662,-3.2618682384490967,0.13629402220249176,0.013595166163141994,2,Merle K. (Mudhole) Smith Airport,Cordova,AK,60.49183,-145.47765,False,True
YAK,662,-6.292237281799316,0.10806696861982346,0.0075528700906344415,2,Yakutat Airport,Yakutat,AK,59.50336,-139.66023,False,True
PIH,654,-1.3282208442687988,0.0460122711956501,0.0030581039755351682,1,Pocatello Regional Airport,Pocatello,ID,42.91131,-112.59586,False,True
GGG,643,8.13495922088623,0.17886178195476532,0.04354587869362364,1,East Texas Regional Airport,Longview,TX,32.38486,-94.71171,False,True
CLD,641,5.353503227233887,0.11624203622341156,0.0202808112324493,1,McClellan-Palomar Airport,San Diego,CA,33.12723,-117.27873,False,True
GRI,634,4.936274528503418,0.11928104609251022,0.03627760252365931,1,Central Nebraska Regional Airport,Grand Island,NE,40.96747,-98.30861,False,True
SUX,620,9.68527889251709,0.1675126850605011,0.0467741935483871,1,Sioux Gateway Airport,Sioux City,IA,42.4026,-96.38437,False,True
IMT,620,2.5845649242401123,0.08374384045600891,0.017741935483870968,2,Ford Airport,Iron Mountain/Kingsford,MI,45.81835,-88.11454,False,True
ALO,617,5.588335990905762,0.13722126185894012,0.05672609400324149,1,Waterloo Regional Airport,Waterloo,IA,42.55708,-92.40034,False,True
CIU,613,10.748744010925293,0.14572864770889282,0.026101141924959218,1,Chippewa County International Airport,Sault Ste. Marie,MI,46.25075,-84.47239,False,True
BRD,589,-0.06529209762811661,0.06013745814561844,0.011884550084889643,2,Brainerd Lakes Regional Airport,Brainerd,MN,46.39786,-94.13723,False,True
LWS,588,-2.9761905670166016,0.028911564499139786,0.0,1,Lewiston-Nez Perce County Airport,Lewiston,ID,46.3745,-117.01539,False,True
LAR,581,3.08243727684021,0.10035842657089233,0.04130808950086059,1,Laramie Regional Airport,Laramie,WY,41.31205,-105.67499,False,True
EWN,575,5.405643939971924,0.13051146268844604,0.01391304347826087,1,Coastal Carolina Regional Airport (Craven County Regional),New Bern,NC,35.07297,-77.04294,False,True
INL,574,5.332743167877197,0.10088495910167694,0.0156794425087108,3,Falls International Airport,International Falls,MN,48.56619,-93.40307,False,True
APN,573,4.948904991149902,0.1332116723060608,0.04537521815008726,1,Alpena County Regional Airport,Alpena,MI,45.07807,-83.56029,False,True
PIB,573,7.593639373779297,0.13957597315311432,0.012216404886561954,2,Hattiesburg-Laurel Regional Airport,Hattiesburg-Laurel,MS,31.46715,-89.33706,False,True
CDC,573,3.1625874042510986,0.09965035319328308,0.0017452006980802793,1,Cedar City Regional Airport,Cedar City,UT,37.70097,-113.09858,False,True
HYS,573,2.5581395626068115,0.13595706224441528,0.02617801047120419,1,Hays Regional Airport,Hays,KS,38.84494,-99.27403,False,True
ESC,573,7.226618766784668,0.09712230414152145,0.029668411867364748,1,Delta County Airport,Escanaba,MI,45.72267,-87.09373,False,True
HOB,571,5.330291748046875,0.09306569397449493,0.040280210157618214,1,Lea County Regional Airport,Hobbs,NM,32.68753,-103.21703,False,True
EKO,531,-3.7717602252960205,0.05222437158226967,0.026365348399246705,1,Elko Regional Airport,Elko,NV,40.82493,-115.7917,False,True
DVL,525,6.004175186157227,0.1315240114927292,0.08761904761904762,2,Devils Lake Regional Airport,Devils Lake,ND,48.11425,-98.90878,False,True
GUC,497,10.259493827819824,0.19831223785877228,0.05030181086519115,4,Gunnison-Crested Butte Regional Airport,Gunnison,CO,38.53396,-106.93318,False,True
ACK,492,16.38888931274414,0.23868313431739807,0.012195121951219513,3,Nantucket Memorial Airport,Nantucket,MA,41.25305,-70.06018,False,True
ADQ,460,0.4050343334674835,0.11670480668544769,0.05,1,Kodiak Airport,Kodiak,AK,57.74997,-152.49386,False,True
BGR,366,5.892561912536621,0.09366390854120255,0.00819672131147541,2,Bangor International Airport,Bangor,ME,44.80744,-68.82814,False,True
GUM,334,16.64759063720703,0.28614458441734314,0.008982035928143712,1,Guam International Airport,Agana,GU,13.48345,-144.79598,False,False
IAG,322,5.403846263885498,0.1666666716337204,0.031055900621118012,2,Niagara Falls International Airport,Niagara Falls,NY,43.10726,-78.94538,False,True
MQT,304,9.175084114074707,0.1582491546869278,0.02631578947368421,2,Sawyer International Airport,Marquette,MI,46.35364,-87.39536,False,True
PBG,281,12.075268745422363,0.2759856581687927,0.0071174377224199285,2,Plattsburgh International Airport,Plattsburgh,NY,44.6509,-73.4681,False,True
OTH,275,17.777359008789062,0.2792452871799469,0.03636363636363636,2,Southwest Oregon Regional Airport (North Bend Municipal),North Bend,OR,43.41714,-124.24603,False,True
PUB,264,1.8932806253433228,0.1462450623512268,0.041666666666666664,1,Pueblo Memorial Airport,Pueblo,CO,38.28909,-104.49657,False,True
BGM,262,10.610038757324219,0.11196911334991455,0.011450381679389313,1,Greater Binghamton Airport,Binghamton,NY,42.20848,-75.97961,False,True
WYS,208,1.375,0.05288461595773697,0.0,1,Westerly State Airport,West Yellowstone,MT,44.6884,-111.11764,False,True
VEL,206,-3.740000009536743,0.02500000037252903,0.02912621359223301,1,Valdez Airport,Vernal,UT,40.4409,-109.50992,False,True
CNY,206,-6.058536529541016,0.02926829271018505,0.0048543689320388345,1,Canyonlands Field,Moab,UT,38.75496,-109.75484,False,True
MVY,205,25.907316207885742,0.31707316637039185,0.0,2,Martha's Vineyard Airport,Marthas Vineyard,MA,41.39303,-70.61433,False,True
CEC,190,17.413793563842773,0.2931034564971924,0.08421052631578947,1,Del Norte County Airport (Jack McNamara Field),Crescent City,CA,41.78016,-124.23653,False,True
MMH,156,9.921428680419922,0.27142858505249023,0.10256410256410256,2,Mammoth Yosemite Airport,Mammoth Lakes,CA,37.62405,-118.83777,False,True
UST,155,16.36805534362793,0.3194444477558136,0.07096774193548387,2,Northeast Florida Regional Airport (St. Augustine Airport),St. Augustine,FL,29.9592,-81.3398,False,True
PPG,107,15.102804183959961,0.18691588938236237,0.0,1,Pago Pago International Airport (Tafuna Airport),Pago Pago,AS,14.33102,-170.71053,False,False
ILG,100,29.391752243041992,0.4020618498325348,0.05,2,Wilmington Airport,Wilmington,DE,39.67872,-75.60653,False,True
ADK,96,10.662920951843262,0.449438214302063,0.07291666666666667,1,Adak Airport,Adak,AK,51.87796,-176.64603,False,True
HYA,83,23.182926177978516,0.23170731961727142,0.012048192771084338,1,Barnstable Municipal Airport,Hyannis,MA,41.66934,-70.28036,False,True
STC,83,18.69230842590332,0.3205128312110901,0.060240963855421686,1,St. Cloud Regional Airport,St Cloud,MN,45.54532,-94.05834,False,True
DLG,77,0.5584415793418884,0.15584415197372437,0.0,1,Dillingham Airport,Dillingham,AK,59.04541,-158.50334,False,True
GST,77,17.171052932739258,0.40789473056793213,0.012987012987012988,1,Gustavus Airport,Gustavus,AK,58.42438,-135.70738,False,True
AKN,63,2.682539701461792,0.1428571492433548,0.0,1,King Salmon Airport,King Salmon,AK,58.6768,-156.64922,False,True
ITH,34,14.633333206176758,0.23333333432674408,0.11764705882352941,1,Ithaca Tompkins Regional Airport,Ithaca,NY,42.49103,-76.45844,False,True
