AIRLINE_NAME,flights,delay_minutes_M,cost_low_$M,cost_mid_$M,cost_high_$M,cost_per_flight_$,cascade_share_%,cascade_cost_mid_$M,airline_caused_traced_%,months_flown
Southwest Airlines,1261855,13.849257,1038.694275,1211.8099875,1384.9257,960.3401242615039,51.03356261514476,552.436325,63.24663336319003,12
American Airlines,725983,8.61191,645.89325,753.542125,861.191,1037.961116169387,36.178580298502126,247.913925,55.10045450971393,12
Delta Air Lines,875881,8.046301,603.472575,704.0513375,804.6301,803.8207673188481,29.545784300205906,186.9112,53.1545931760076,12
Atlantic Southeast Airlines,571977,7.504821,562.861575,656.6718375,750.4821,1148.073851745787,38.378337661215305,230.0354,56.002658024533424,12
United Air Lines,515723,7.301833,547.637475,638.9103875,730.1833,1238.8634741906023,40.21325285877429,238.41755,54.66043977907863,12
Skywest Airlines,588353,7.215186,541.13895,631.328775,721.5186,1073.0442013553088,44.088968398144644,251.00985,56.17815902378738,12
American Eagle Airlines,294632,4.0894,306.705,357.8225,408.94,1214.4726302641939,37.17172135813279,123.9938875,44.04852116413051,12
JetBlue Airways,267048,3.88947,291.71025,340.328625,388.947,1274.4099375393187,39.26364190349565,124.0309,48.98317328741135,12
Spirit Air Lines,117379,2.313017,173.476275,202.3889875,231.3017,1724.2350633418243,32.41890511795935,61.356575,32.22901230218372,12
US Airways,198715,2.091729,156.879675,183.0262875,209.1729,921.0491784716805,28.45710026576862,45.76775,48.38932171360565,6
Frontier Airlines,90836,1.698364,127.3773,148.60685,169.8364,1635.9906865119556,40.0317835335536,55.4784125,36.52874289324068,12
Alaska Airlines,172521,1.284997,96.374775,112.4372375,128.4997,651.7307313312582,35.4814102999413,33.3739875,50.09299844281677,12
Virgin America,61903,0.742936,55.7202,65.0069,74.2936,1050.1413501768895,38.5315110304818,22.3570375,32.06757472866087,12
Hawaiian Airlines,76272,0.464146,34.81095,40.612775,46.4146,532.4729258443466,37.134223545686886,11.0861625,91.57501643410275,12
